{
    "Kermanshah - Anahita": [
        34.389775,
        47.087308
    ],
    "Kermanshah - Attar": [
        34.382405,
        47.093304
    ],
    "Kermanshah - Rudaki": [
        34.383282,
        47.106446
    ],
    "Kermanshah - BaqAbrisham": [
        34.385358,
        47.116174
    ],
    "Kermanshah - Taavon": [
        34.375889,
        47.111716
    ],
    "Kermanshah - TaqBostan": [
        34.383409,
        47.133772
    ],
    "Kermanshah - MeydanZafar": [
        34.377400,
        47.151559
    ],
    "Kermanshah - Maskan": [
        34.375270,
        47.138362
    ],
    "Kermanshah - ShahrakZafar": [
        34.373011,
        47.162007
    ],
    "Kermanshah - ShahrakDanesh": [
        34.365241,
        47.179832
    ],
    "Kermanshah - ShahrakNokan": [
        34.360832,
        47.172556
    ],
    "Kermanshah - ShahrakJahad": [
        34.363949,
        47.151681
    ],
    "Kermanshah - FarhangianFaz2": [
        34.362526,
        47.125585
    ],
    "Kermanshah - Karnachi": [
        34.383950,
        47.071551
    ],
    "Kermanshah - MeydanMarkazi": [
        34.348239,
        47.087752
    ],
    "Kermanshah - Behzisti": [
        34.346440,
        47.096546
    ],
    "Kermanshah - Hafezie": [
        34.339754,
        47.103380
    ],
    "Kermanshah - Nobahar": [
        34.342500,
        47.087068
    ],
    "Kermanshah - Golestan": [
        34.337427,
        47.077739
    ],
    "Kermanshah - Ershad": [
        34.332587,
        47.074159
    ],
    "Kermanshah - FarhangianFaz1": [
        34.331343,
        47.065506
    ],
    "Kermanshah - Barq": [
        34.333849,
        47.082900
    ],
    "Kermanshah - Dadgostari": [
        34.345186,
        47.068481
    ],
    "Kermanshah - Elahie": [
        34.353079,
        47.070581
    ],
    "Kermanshah - Golrizan": [
        34.351279,
        47.083085
    ],
    "Kermanshah - MasireNaft": [
        34.323342,
        47.058975
    ],
    "Kermanshah - DabirAazam": [
        34.307091,
        47.062682
    ],
    "Kermanshah - Rashidi": [
        34.314994,
        47.079770
    ],
    "Kermanshah - Shariati": [
        34.302978,
        47.067047
    ],
    "Kermanshah - Ferdowsi": [
        34.292034,
        47.052228
    ],
    "Kermanshah - Kasraa": [
        34.290582,
        47.045697
    ],
    "Kermanshah - Motekhassesin": [
        34.288776,
        47.034696
    ],
    "Kermanshah - Sadraa": [
        34.299978,
        47.036644
    ],
    "Kermanshah - Bahaar": [
        34.297612,
        47.052645
    ],
    "Kermanshah - Monazzah": [
        34.308884,
        47.052937
    ],
    "Kermanshah - DehMajnoon": [
        34.318370,
        47.052917
    ],
    "Kermanshah - DowlatAbaad": [
        34.337813,
        47.046763
    ],
    "Kermanshah - SiiMetries": [
        34.343884,
        47.091902
    ],
    "Kermanshah - Shahyad": [
        34.324115,
        47.088428
    ],
    "Kermanshah - Mosavari": [
        34.309367,
        47.059048
    ],
    "Kermanshah - Azaadegan": [
        34.315860,
        47.099637
    ],
    "Kermanshah - Resalat": [
        34.314545,
        47.109432
    ],
    "Kermanshah - KeyhanShahr": [
        34.317347,
        47.120951
    ],
    "Kermanshah - DarrehDeraz": [
        34.342256,
        47.028166
    ]
}